<manifest><control namespace="Dianamics" constructor="FetchXmlTimeEntry" version="0.0.15" display-name-key="FetchXmlTimeEntry" description-key="FetchXmlTimeEntry description" control-type="standard" api-version="1.3.11"><external-service-usage enabled="false" /><property name="dateFrom" display-name-key="dateFrom" description-key="dateFrom" of-type="DateAndTime.DateOnly" usage="bound" required="true" /><property name="dateTo" display-name-key="dateTo" description-key="dateTo" of-type="DateAndTime.DateOnly" usage="bound" required="false" /><property name="timestamp" display-name-key="timestamp" description-key="timestamp" of-type="SingleLine.Text" usage="bound" /><property name="result" display-name-key="Result" description-key="Result" of-type="Object" usage="output" required="false" /><property name="resultSchema" display-name-key="resultSchema" description-key="resultSchema" of-type="SingleLine.Text" usage="bound" hidden="true" /><property-dependencies><property-dependency input="resultSchema" output="result" required-for="schema" /></property-dependencies><resources><code path="bundle.js" order="1" /></resources><feature-usage><uses-feature name="Utility" required="true" /><uses-feature name="WebAPI" required="true" /></feature-usage><built-by name="pac" version="1.30.2" /><subscribed-functionalities><subscribed-functionality name="sharedTemplate" value="false" /></subscribed-functionalities></control></manifest>