<manifest><control namespace="Dianamics" constructor="DragAndDrop" version="0.0.11" display-name-key="DragAndDrop" description-key="DragAndDrop description" control-type="virtual" api-version="1.3.5"><external-service-usage enabled="false" /><property name="Name" display-name-key="Name" description-key="Name" of-type="SingleLine.Text" usage="bound" required="true" /><property name="Data" display-name-key="Data" description-key="Data" of-type="SingleLine.Text" usage="bound" /><property name="IconName" display-name-key="IconName" description-key="IconName" of-type="SingleLine.Text" usage="input" /><property name="IsDraggable" display-name-key="IsDraggable" description-key="IsDraggable" of-type="TwoOptions" usage="bound" /><property name="IsDroppable" display-name-key="IsDroppable" description-key="IsDroppable" of-type="TwoOptions" usage="bound" /><property name="Dropped" display-name-key="Dropped" description-key="Dropped" of-type="Object" usage="output" /><property name="DroppedSchema" display-name-key="DroppedSchema" description-key="DroppedSchema" of-type="SingleLine.Text" usage="input" hidden="true" /><event name="OnDrop" display-name-key="OnDrop" description-key="OnDrop" /><property-dependencies><property-dependency input="DroppedSchema" output="Dropped" required-for="schema" /></property-dependencies><resources><code path="bundle.js" order="1" /><platform-library name="React" version="16.8.6" /><platform-library name="Fluent" version="8.29.0" /></resources><built-by name="pac" version="1.21.8" /><subscribed-functionalities><subscribed-functionality name="sharedTemplate" value="false" /></subscribed-functionalities></control></manifest>