<manifest><control namespace="Dianamics" constructor="FluentUI9GrouppedGrid" version="0.0.28" display-name-key="FluentUI9GrouppedGrid" description-key="FluentUI9GrouppedGrid description" control-type="virtual" api-version="1.3.11"><external-service-usage enabled="false" /><data-set name="dataset" display-name-key="Dataset_Display_Key" cds-data-set-options="displayCommandBar:true;displayViewSelector:true;displayQuickFind:true"><property-set name="parentId" display-name-key="ParentId" description-key="ParentId" of-type="Lookup.Simple" usage="bound" required="true" /><property-set name="value" display-name-key="Value" description-key="Value" of-type="Decimal" usage="bound" required="true" /><property-set name="date" display-name-key="Date" description-key="Date" of-type="DateAndTime.DateOnly" usage="bound" required="false" /></data-set><property name="from" display-name-key="From" description-key="From" of-type="DateAndTime.DateOnly" usage="input" required="false" /><property name="to" display-name-key="To" description-key="To" of-type="DateAndTime.DateOnly" usage="input" required="false" /><property name="refresh" display-name-key="Refresh" description-key="Refresh" of-type="SingleLine.Text" usage="input" required="false" /><property name="selectedRow" display-name-key="SelectedRow" description-key="SelectedRow" of-type="Object" usage="output" required="false" /><property name="selectedRowSchema" display-name-key="selectedRowSchema" description-key="selectedRowSchema" of-type="SingleLine.Text" usage="bound" hidden="true" /><property-dependencies><property-dependency input="selectedRowSchema" output="selectedRow" required-for="schema" /></property-dependencies><event name="OnRowEdit" display-name-key="OnRowEdit" description-key="OnRowEdit" /><resources><code path="bundle.js" order="1" /><platform-library name="React" version="16.8.6" /><platform-library name="Fluent" version="9.4.0" /></resources><feature-usage><uses-feature name="Utility" required="true" /><uses-feature name="WebAPI" required="true" /></feature-usage><built-by name="pac" version="1.31.2" /><subscribed-functionalities><subscribed-functionality name="sharedTemplate" value="false" /></subscribed-functionalities></control></manifest>