<manifest><control namespace="Dianamics" constructor="Dialog" version="0.0.15" display-name-key="Dialog" description-key="Dialog description" control-type="virtual" api-version="1.3.11"><external-service-usage enabled="false" /><property name="dialogTrigger" display-name-key="dialogTrigger" description-key="dialogTrigger" of-type-group="all" usage="bound" required="false" /><property name="type" display-name-key="Type" description-key="Type" of-type="Enum" usage="input"><value name="Form" display-name-key="Form" description-key="Form" default="true">Form</value><value name="CustomPage" display-name-key="CustomPage" description-key="CustomPage">CustomPage</value><value name="Lookup" display-name-key="Lookup" description-key="Lookup">Lookup</value><value name="EntityList" display-name-key="EntityList" description-key="EntityList">EntityList</value></property><property name="entityId" display-name-key="EntityId" description-key="EntityId" of-type="SingleLine.Text" usage="bound" required="false" /><property name="entityName" display-name-key="EntityName" description-key="EntityName" of-type="SingleLine.Text" usage="input" required="false" /><property name="width" display-name-key="Width" description-key="Width" of-type="SingleLine.Text" usage="input" required="false" /><property name="height" display-name-key="Height" description-key="Height" of-type="SingleLine.Text" usage="input" required="false" /><property name="position" display-name-key="Position" description-key="Posistion.1center.2side" of-type="Enum" usage="input"><value name="Center" display-name-key="Center" description-key="Center" default="true">Center</value><value name="Side" display-name-key="Side" description-key="Side">Side</value></property><property name="data" display-name-key="Data_JSON_as_string" description-key="Data_JSON_as_string" of-type="SingleLine.Text" usage="input" required="false" /><property name="formId" display-name-key="formId" description-key="formId" of-type="SingleLine.Text" usage="input" required="false" /><property name="formTabName" display-name-key="formTabName" description-key="formTabName" of-type="SingleLine.Text" usage="input" required="false" /><property name="pageName" display-name-key="pageName" description-key="pageName" of-type="SingleLine.Text" usage="input" required="false" /><property name="result" display-name-key="Result" description-key="Result" of-type="Object" usage="output" required="false" /><property name="resultSchema" display-name-key="ResultSchema" description-key="ResultSchema" of-type="SingleLine.Text" usage="input" hidden="true" /><type-group name="all"><type>SingleLine.Text</type><type>Currency</type><type>DateAndTime.DateAndTime</type><type>DateAndTime.DateOnly</type><type>Decimal</type><type>FP</type><type>Lookup.Simple</type><type>Multiple</type><type>MultiSelectOptionSet</type><type>OptionSet</type><type>SingleLine.Email</type><type>SingleLine.Phone</type><type>SingleLine.Text</type><type>SingleLine.TextArea</type><type>SingleLine.Ticker</type><type>SingleLine.URL</type><type>TwoOptions</type><type>Whole.None</type></type-group><property-dependencies><property-dependency input="resultSchema" output="result" required-for="schema" /></property-dependencies><resources><code path="bundle.js" order="1" /><platform-library name="React" version="16.8.6" /><platform-library name="Fluent" version="8.29.0" /></resources><feature-usage><uses-feature name="Utility" required="true" /><uses-feature name="WebAPI" required="true" /></feature-usage><built-by name="pac" version="1.30.2" /><subscribed-functionalities><subscribed-functionality name="sharedTemplate" value="false" /></subscribed-functionalities></control></manifest>