<ImportExportXml version="9.2.24032.192" SolutionPackageVersion="9.2" languagecode="1033" generatedBy="CrmLive" xmlns:xsi="http://www.w3.org/2001/XMLSchema-instance">
  <SolutionManifest>
    <UniqueName>TimeEntry</UniqueName>
    <LocalizedNames>
      <LocalizedName description="TimeEntry" languagecode="1033" />
    </LocalizedNames>
    <Descriptions />
    <Version>1.0.0.1</Version>
    <Managed>0</Managed>
    <Publisher>
      <UniqueName>Dianamics</UniqueName>
      <LocalizedNames>
        <LocalizedName description="Dianamics" languagecode="1033" />
      </LocalizedNames>
      <Descriptions>
        <Description description="Dianamics" languagecode="1033" />
      </Descriptions>
      <EMailAddress xsi:nil="true"></EMailAddress>
      <SupportingWebsiteUrl xsi:nil="true"></SupportingWebsiteUrl>
      <CustomizationPrefix>diana</CustomizationPrefix>
      <CustomizationOptionValuePrefix>34156</CustomizationOptionValuePrefix>
      <Addresses>
        <Address>
          <AddressNumber>1</AddressNumber>
          <AddressTypeCode>1</AddressTypeCode>
          <City xsi:nil="true"></City>
          <County xsi:nil="true"></County>
          <Country xsi:nil="true"></Country>
          <Fax xsi:nil="true"></Fax>
          <FreightTermsCode xsi:nil="true"></FreightTermsCode>
          <ImportSequenceNumber xsi:nil="true"></ImportSequenceNumber>
          <Latitude xsi:nil="true"></Latitude>
          <Line1 xsi:nil="true"></Line1>
          <Line2 xsi:nil="true"></Line2>
          <Line3 xsi:nil="true"></Line3>
          <Longitude xsi:nil="true"></Longitude>
          <Name xsi:nil="true"></Name>
          <PostalCode xsi:nil="true"></PostalCode>
          <PostOfficeBox xsi:nil="true"></PostOfficeBox>
          <PrimaryContactName xsi:nil="true"></PrimaryContactName>
          <ShippingMethodCode>1</ShippingMethodCode>
          <StateOrProvince xsi:nil="true"></StateOrProvince>
          <Telephone1 xsi:nil="true"></Telephone1>
          <Telephone2 xsi:nil="true"></Telephone2>
          <Telephone3 xsi:nil="true"></Telephone3>
          <TimeZoneRuleVersionNumber xsi:nil="true"></TimeZoneRuleVersionNumber>
          <UPSZone xsi:nil="true"></UPSZone>
          <UTCOffset xsi:nil="true"></UTCOffset>
          <UTCConversionTimeZoneCode xsi:nil="true"></UTCConversionTimeZoneCode>
        </Address>
        <Address>
          <AddressNumber>2</AddressNumber>
          <AddressTypeCode>1</AddressTypeCode>
          <City xsi:nil="true"></City>
          <County xsi:nil="true"></County>
          <Country xsi:nil="true"></Country>
          <Fax xsi:nil="true"></Fax>
          <FreightTermsCode xsi:nil="true"></FreightTermsCode>
          <ImportSequenceNumber xsi:nil="true"></ImportSequenceNumber>
          <Latitude xsi:nil="true"></Latitude>
          <Line1 xsi:nil="true"></Line1>
          <Line2 xsi:nil="true"></Line2>
          <Line3 xsi:nil="true"></Line3>
          <Longitude xsi:nil="true"></Longitude>
          <Name xsi:nil="true"></Name>
          <PostalCode xsi:nil="true"></PostalCode>
          <PostOfficeBox xsi:nil="true"></PostOfficeBox>
          <PrimaryContactName xsi:nil="true"></PrimaryContactName>
          <ShippingMethodCode>1</ShippingMethodCode>
          <StateOrProvince xsi:nil="true"></StateOrProvince>
          <Telephone1 xsi:nil="true"></Telephone1>
          <Telephone2 xsi:nil="true"></Telephone2>
          <Telephone3 xsi:nil="true"></Telephone3>
          <TimeZoneRuleVersionNumber xsi:nil="true"></TimeZoneRuleVersionNumber>
          <UPSZone xsi:nil="true"></UPSZone>
          <UTCOffset xsi:nil="true"></UTCOffset>
          <UTCConversionTimeZoneCode xsi:nil="true"></UTCConversionTimeZoneCode>
        </Address>
      </Addresses>
    </Publisher>
    <RootComponents>
      <RootComponent type="1" schemaName="diana_project" behavior="0" />
      <RootComponent type="1" schemaName="diana_timeentry" behavior="0" />
      <RootComponent type="9" schemaName="diana_open" behavior="0" />
      <RootComponent type="62" schemaName="diana_TimeEntryApp" behavior="0" />
      <RootComponent type="66" schemaName="diana_Dianamics.Dialog" behavior="0" />
      <RootComponent type="66" schemaName="diana_Dianamics.DragAndDrop" behavior="0" />
      <RootComponent type="66" schemaName="diana_Dianamics.FetchXmlTimeEntry" behavior="0" />
      <RootComponent type="66" schemaName="diana_Dianamics.FluentUI9GrouppedGrid" behavior="0" />
      <RootComponent type="66" schemaName="diana_ORBIS.TimeReportingMatrix" behavior="0" />
      <RootComponent type="80" schemaName="diana_TimeEntryApp" behavior="0" />
      <RootComponent type="300" schemaName="diana_apptimeentrymatrix_3f712" behavior="0" />
      <RootComponent type="300" schemaName="diana_dialogexamplepage_78231" behavior="0" />
      <RootComponent type="300" schemaName="diana_timeentrycustompageaggregates2_8d207" behavior="0" />
      <RootComponent type="300" schemaName="diana_timeentrycustompageaggregates_5c3aa" behavior="0" />
      <RootComponent type="300" schemaName="diana_timeentrycustompagegruppedgridpcfaggregates2_3c97a" behavior="0" />
      <RootComponent type="300" schemaName="diana_timeentrycustompage_f8ce1" behavior="0" />
    </RootComponents>
    <MissingDependencies>
      <MissingDependency>
        <Required type="61" schemaName="msdyn_/Images/AppModule_Default_Icon.png" displayName="msdyn_/Images/AppModule_Default_Icon.png" solution="AppModuleWebResources (2.5)" />
        <Dependent type="80" schemaName="diana_TimeEntryApp" displayName="TimeEntryApp" />
      </MissingDependency>
      <MissingDependency>
        <Required type="66" schemaName="diana_ORBIS.DialogButtons" displayName="diana_ORBIS.DialogButtons" solution="Active" />
        <Dependent type="60" displayName="Information" parentDisplayName="TimeEntry" id="{37d4032a-2f7e-47e5-9515-77efbb7fc1ee}" />
      </MissingDependency>
      <MissingDependency>
        <Required type="66" schemaName="Microsoft.PowerApps.PowerAppsOneGrid" displayName="Microsoft.PowerApps.PowerAppsOneGrid" solution="BaseCustomControlsCore (9.0.2403.2019)" />
        <Dependent type="60" displayName="Information" parentDisplayName="Project" id="{2955d34b-3ba0-4362-9945-73e2565cd549}" />
      </MissingDependency>
      <MissingDependency>
        <Required type="66" schemaName="Microsoft.PowerApps.PowerAppsOneGrid" displayName="Microsoft.PowerApps.PowerAppsOneGrid" solution="BaseCustomControlsCore (9.0.2403.2019)" />
        <Dependent type="68" id="{7261746f-9b81-468e-b457-d6df38d47f91}" />
      </MissingDependency>
      <MissingDependency>
        <Required type="SettingDefinition" displayName="AppChannel" solution="msdyn_AppFrameworkInfraExtensions (1.0.0.7)" id.uniquename="AppChannel" />
        <Dependent type="AppSetting" displayName="parentappmoduleid.uniquename=diana_TimeEntryApp,settingdefinitionid.uniquename=AppChannel" id.parentappmoduleid.uniquename="diana_TimeEntryApp" id.settingdefinitionid.uniquename="AppChannel" />
      </MissingDependency>
    </MissingDependencies>
  </SolutionManifest>
</ImportExportXml>