<manifest><control namespace="ORBIS" constructor="TimeReportingMatrix" version="0.0.1" display-name-key="TimeReportingMatrix" description-key="TimeReportingMatrix description" control-type="virtual" api-version="1.3.11"><external-service-usage enabled="false" /><data-set name="dataset" display-name-key="Dataset_Display_Key" /><resources><code path="bundle.js" order="1" /><platform-library name="React" version="16.8.6" /><platform-library name="Fluent" version="9.4.0" /></resources><built-by name="pac" version="1.30.2" /></control></manifest>